time,open,high,low,close,SH Ext,SH,SL Ext,SL,VWAP MIDDLE,BB Red Line,BB Top,BB Bottom,Long Plot,Short Plot,Shapes,Shapes,RSI,RSI-based MA,Upper Bollinger Band,Lower Bollinger Band
1654646400,1812.17,1838,1763.69,1790.72,2015.54,2015.54,1702.53,1702.53,1797.47,1870.325,2051.986587519232,1688.663412480768,1791.8543126858658,1814.0814517620956,NaN,NaN,39.08934424071716,37.66376349346687,NaN,NaN
1654732800,1790.63,1832.31,1775.67,1787.55,2015.54,2015.54,1702.53,1702.53,1798.51,1861.8734999999997,2042.4214883327802,1681.3255116672192,1787.2780627627526,1799.2005766294542,1778.1036399587306,NaN,38.946157458116694,38.22342684041955,NaN,NaN
1654819200,1787.44,1802.85,1654.15,1660.78,2015.54,2015.54,1702.53,1702.53,1705.9266666666665,1846.2804999999996,2039.306107469621,1653.2548925303781,1778.1036399587306,1757.2325800572012,NaN,NaN,33.639342379952595,38.523675705231945,NaN,NaN
1654905600,1660.77,1680.43,1499.79,1531.09,2015.54,2015.54,1702.53,1702.53,1570.4366666666667,1820.7889999999995,2037.4724606425134,1604.1055393574857,1735.2715025323373,1686.0334870814886,NaN,NaN,29.248501992161493,38.23573126259506,NaN,NaN
1654992000,1531.23,1545.5,1423,1433.19,2015.54,2015.54,1702.53,1702.53,1467.2300000000002,1793.8954999999999,2057.6927763676886,1530.0982236323114,1684.1683102500838,1599.0614886532694,NaN,NaN,26.442642661975853,37.65979163725493,NaN,NaN
1655078400,1432.97,1452.97,1163.31,1207.82,2015.54,2015.54,1702.53,1702.53,1274.6999999999998,1755.3789999999997,2109.7261096481707,1401.0318903518287,1591.920406784172,1459.8425473056022,NaN,NaN,21.36215477863017,36.01572105971842,NaN,NaN
1655164800,1207.9,1266.34,1074.64,1207.58,2015.54,2015.54,1702.53,1702.53,1182.8533333333332,1718.7164999999998,2135.038073655522,1302.3949263444777,1490.3193762701248,1361.075128775306,NaN,NaN,21.35744880208651,34.52240335498588,NaN,NaN
1655251200,1207.58,1247,1012.72,1236.45,2015.54,2015.54,1702.53,1702.53,1165.39,1691.0065,2155.4777972951174,1226.5352027048825,1374.8592112124588,1263.2130283612478,NaN,NaN,23.539485949303668,33.48599751077346,NaN,NaN
1655337600,1236.45,1257.04,1050.39,1066.87,2015.54,2015.54,1702.53,1702.53,1124.7666666666667,1658.1084999999996,2195.774698203879,1120.4423017961205,1277.9041131823647,1162.6761176812256,NaN,NaN,20.024808685087464,32.136835500282665,NaN,NaN
1655424000,1067.07,1117.43,1049.19,1085.76,2015.54,2015.54,1702.53,1702.53,1084.1266666666668,1622.8849999999998,2211.2280154425302,1034.5419845574693,1170.7801094903084,1096.3590612905887,NaN,NaN,21.4320733414814,31.031122469982545,NaN,NaN
1655510400,1085.65,1096.64,879.8,993.64,2015.54,2015.54,1702.53,879.8,990.0266666666666,1582.0119999999997,2223.549194606837,940.4748053931626,1075.6156149055478,1004.2208305645121,NaN,NaN,19.61904340354954,29.672498967823092,NaN,NaN
1655596800,993.64,1156.99,933.6,1126.9,2015.54,2015.54,1702.53,879.8,1072.4966666666667,1538.4419999999998,2179.3342211916824,897.5497788083172,998.1775960734202,992.9988533550784,NaN,947.3442424321576,28.978701035811852,28.976632647613144,NaN,NaN
1655683200,1126.97,1168.18,1051.3,1126.84,2015.54,2015.54,1702.53,879.8,1115.4399999999998,1497.7544999999998,2134.6686127805283,860.8403872194712,947.3442424321576,967.8025297590553,NaN,NaN,28.977064983024334,28.047007368211602,NaN,NaN
1655769600,1127.04,1193,1107.87,1124.85,2015.54,2015.54,1702.53,879.8,1141.9066666666665,1463.1945,2102.2806920109097,824.1083079890905,919.5995397195721,993.4750714723712,NaN,NaN,28.918749427737197,27.25539422425967,NaN,NaN
1655856000,1124.9,1126.44,1042.36,1048.96,2015.54,2015.54,1702.53,879.8,1072.5866666666668,1424.0199999999998,2063.8174010262996,784.2225989736999,902.3313649144949,979.2762017281348,NaN,NaN,26.71106316727841,26.371231290442616,NaN,NaN
1655942400,1048.93,1153.01,1043.68,1144,2015.54,2015.54,879.8,879.8,1113.5633333333333,1392.5575,2022.3757914420669,762.7392085579329,907.7182094557992,1023.8133120848934,NaN,NaN,33.55243900159691,25.985965686405486,NaN,NaN
1656028800,1144.01,1244.78,1131.02,1224.47,2015.54,2015.54,879.8,879.8,1200.0900000000001,1363.6135,1967.948378698065,759.278621301935,932.4817269662489,1054.2358651799277,NaN,NaN,38.76462235891048,26.352057113473908,NaN,NaN
1656115200,1224.26,1255,1178.77,1241.33,2015.54,2015.54,879.8,879.8,1225.0333333333333,1335.445,1906.519407428669,764.3705925713309,971.3372394005489,1122.3778006042355,NaN,NaN,39.829579041007285,27.107848331248608,NaN,NaN
1656201600,1241.14,1280,1194.01,1197.13,2015.54,1280,879.8,879.8,1223.7133333333334,1302.391,1822.895822221661,781.8861777783391,1019.7555817044963,1149.2342483133057,NaN,NaN,37.965484758863674,27.930908481026307,NaN,NaN
1656288000,1196.99,1237.83,1171.88,1191.27,2015.54,1280,879.8,879.8,1200.3266666666666,1271.36,1737.8632767730635,804.8567232269363,1064.013675519353,1187.4975989450766,NaN,NaN,37.71347420438631,29.098859868580316,NaN,NaN
1656374400,1191.27,1236.21,1134.9,1142.65,2015.54,1280,879.8,879.8,1171.2533333333333,1238.9564999999998,1642.4309736547862,835.4820263452134,1103.9009306259322,1177.922161240724,NaN,NaN,35.60190628647298,30.116321117465066,NaN,NaN
1656460800,1142.47,1155.21,1085.41,1099.15,2015.54,1280,879.8,879.8,1113.2566666666667,1204.5365000000002,1523.5520343098563,885.5209656901441,1124.0929106456363,1175.8729724136424,NaN,NaN,33.779597499588434,30.847757656771115,NaN,NaN
1656547200,1099.09,1105.61,997.02,1070.08,2015.54,1280,879.8,997.02,1057.57,1175.0015,1420.4922942286298,929.5107057713703,1129.8330809010813,1144.2662474484516,1128.3835874360982,NaN,32.579454534944034,31.744518074618014,NaN,NaN
1656633600,1070.08,1115,1031.86,1057.57,1280,1280,879.8,997.02,1068.1433333333332,1151.3255,1339.5321566809089,963.118843319091,1128.3835874360982,1124.244547074127,NaN,NaN,32.05170649190015,32.50306329964793,NaN,NaN
1656720000,1058.3,1077.5,1025.95,1065.61,1280,1280,879.8,997.02,1056.3533333333332,1132.9465,1273.1267595624781,992.7662404375219,1116.117388124285,1095.7315428124332,NaN,NaN,32.80506686293637,33.44492211817556,NaN,NaN
1656806400,1065.58,1087.33,1039.55,1072.88,1280,1280,879.8,997.02,1066.5866666666668,1126.1995000000002,1264.2893469077362,988.1096530922641,1105.8983955268586,1085.194439645817,NaN,NaN,33.52279506863215,33.769500263377005,NaN,NaN
1656892800,1072.9,1160,1043.47,1149.98,1280,1280,879.8,997.02,1117.8166666666668,1123.3195,1256.8267039217476,989.8122960782526,1098.8231879723714,1090.7106249546323,NaN,NaN,40.75068413213759,34.61047305974224,NaN,NaN
1656979200,1149.98,1172.38,1075.7,1131.26,1280,1280,997.02,997.02,1126.4466666666667,1118.06,1241.2120703845703,994.9079296154296,1096.4279956369448,1093.5821186620974,NaN,1099.1888122720338,39.624174008184475,35.375146244059906,NaN,NaN
1657065600,1131.16,1203.2,1110.56,1185.61,1280,1280,997.02,997.02,1166.4566666666667,1123.9969999999998,1248.149961479003,999.8440385209967,1099.1888122720338,1117.7671939447164,NaN,NaN,44.42746390645953,36.6406034397157,NaN,NaN
1657152000,1185.61,1254.04,1162.32,1237.13,1280,1280,997.02,997.02,1217.83,1131.5655,1263.6723907324915,999.4586092675083,1113.1382816661517,1145.0797306899394,NaN,NaN,48.60177510705789,37.7155560186772,NaN,NaN
1657238400,1237.55,1275.51,1192.16,1213.19,1280,1275.51,997.02,997.02,1226.9533333333334,1142.543,1262.9507723571369,1022.1352276428629,1131.4293114340915,1169.1036795983732,NaN,NaN,46.841078733040185,38.292445759686466,NaN,NaN
1657324800,1213.38,1233.54,1203.7,1216.78,1280,1275.51,997.02,997.02,1218.0066666666664,1147.0369999999998,1271.4175983423788,1022.6564016576209,1151.531233450494,1194.4505952246234,NaN,NaN,47.150272037239446,38.81535240227447,NaN,NaN
1657411200,1216.78,1219.41,1153.15,1167.68,1280,1275.51,997.02,997.02,1180.0800000000002,1149.079,1273.4071831123015,1024.7508168876984,1166.8281172796007,1196.7079744497248,NaN,NaN,43.42967822417028,39.20565193551066,NaN,NaN
1657497600,1167.66,1170.47,1079.8,1095.56,1280,1275.51,997.02,997.02,1115.2766666666666,1147.6145,1273.7270126980131,1021.5019873019868,1171.5325556874309,1181.9191363277232,1163.0367764619905,NaN,38.61030857181742,39.26971153318431,NaN,NaN
1657584000,1095.48,1097.35,1031.92,1037.34,1280,1275.51,997.02,997.02,1055.5366666666666,1147.0334999999998,1275.0513370814306,1019.0156629185689,1163.0367764619905,1147.7446537404924,NaN,NaN,35.21319386791926,39.24194636043047,NaN,NaN
1657670400,1037.5,1118,1005.25,1114.26,1275.51,1275.51,997.02,1005.25,1079.17,1145.5465,1274.3591623085076,1016.7338376914922,1150.4228910914405,1137.9201224264962,NaN,NaN,42.42129084164898,39.85921017057765,NaN,NaN
1657756800,1114.06,1213.26,1071.1,1192.7,1275.51,1275.51,997.02,1005.25,1159.0199999999998,1143.9579999999999,1269.5825015273942,1018.3334984726055,1147.4707759475082,1140.4837890548838,NaN,1157.6371236612868,48.690526579031754,41.010001030869624,NaN,NaN
1657843200,1192.67,1288.88,1180.16,1231.1,1275.51,1275.51,997.02,1005.25,1233.38,1143.4464999999998,1267.555134715743,1019.3378652842566,1157.6371236612868,1166.2486769666084,NaN,NaN,51.4759306971265,42.39744561695722,NaN,NaN
1657929600,1231.07,1423.31,1190.9,1355.7,1275.51,1275.51,997.02,1005.25,1323.3033333333333,1151.3749999999998,1304.9505018875252,997.7994981124742,1183.24104230772,1220.8708985635217,NaN,NaN,59.21311130733802,44.283734505843064,NaN,NaN
1658016000,1355.5,1386.55,1318.79,1338.2,1275.51,1275.51,997.02,1005.25,1347.8466666666666,1158.7214999999999,1332.018771908721,985.4242280912788,1218.7720467358963,1256.9927435143059,NaN,NaN,57.81867605642364,46.01915457639959,NaN,NaN
1658102400,1338.03,1597.58,1335.35,1581.34,1275.51,1275.51,1005.25,1005.25,1504.7566666666664,1180.6559999999997,1433.1972361892645,928.114763810735,1276.014068134795,1367.5144637977091,NaN,NaN,68.80904348589789,48.02332310166819,NaN,NaN
1658188800,1581.09,1631.32,1492.66,1542.63,1275.51,1275.51,1005.25,1005.25,1555.5366666666669,1202.8299999999997,1497.2560868197677,908.4039131802317,1342.6607768039046,1419.1511220337186,NaN,NaN,65.86659634762083,49.89778184019936,NaN,NaN
1658275200,1542.6,1621.44,1485.17,1522.12,1275.51,1275.51,1005.25,1005.25,1542.91,1225.432,1544.0352443400402,906.8287556599599,1409.3005686573617,1501.2272617740434,NaN,NaN,64.29772994974637,51.317086557576985,NaN,NaN
1658361600,1521.88,1606.42,1463.26,1575.68,1275.51,1275.51,1005.25,1005.25,1548.4533333333336,1251.3374999999999,1594.4451356990612,908.2298643009386,1470.0471226384705,1544.4944507913074,NaN,NaN,66.53912120696685,52.59832556471334,NaN,NaN
1658448000,1575.44,1646.13,1516.75,1535.84,1275.51,1275.51,1005.25,1005.25,1566.24,1274.8489999999997,1628.120964350417,921.5770356495825,1532.5760298394378,1582.0236510395819,NaN,NaN,63.35306859503007,53.77775341199833,NaN,NaN
1658534400,1535.68,1596.87,1487.14,1549.15,1275.51,1275.51,1005.25,1005.25,1544.3866666666665,1298.6625,1658.416112900552,938.9088870994478,1574.2661620973083,1603.4116028083881,NaN,NaN,63.97370731202637,54.9794273601974,NaN,NaN
1658620800,1549.16,1664.41,1546.7,1597.72,1275.51,1275.51,1005.25,1005.25,1602.9433333333334,1321.0494999999999,1696.3943166939298,945.7046833060699,1625.2545128216225,1635.0822317271534,1639.1670093654002,NaN,66.2217916051953,56.60743545884204,NaN,NaN
1658707200,1598.12,1610,1433.91,1440.75,1275.51,1275.51,1005.25,1005.25,1494.8866666666665,1336.524,1704.7461094611251,968.3018905388747,1639.1670093654002,1598.3833175770142,NaN,NaN,54.40577131279327,57.73568279748317,NaN,NaN
1658793600,1440.63,1454.56,1356.3,1449.63,1275.51,1275.51,1005.25,1356.3,1420.1633333333332,1349.725,1714.2713518676337,985.1786481323661,1638.1111328326824,1589.1180617345185,NaN,NaN,54.89607552478232,59.14160291583054,NaN,NaN
1658880000,1449.6,1645.46,1420.66,1636.4,1275.51,1275.51,1005.25,1356.3,1567.506666666667,1369.6885,1750.7408082871964,988.6361917128036,1637.521004617943,1589.889227967714,NaN,NaN,63.73046554279686,60.663686823055386,NaN,NaN
1658966400,1636.53,1792.55,1592.36,1725.19,1275.51,1792.55,1005.25,1356.3,1703.3666666666668,1395.2884999999999,1798.9682354970919,991.6087645029078,1655.3196570081234,1626.9476278440648,NaN,NaN,67.03601435076285,61.97407880675052,NaN,NaN
1659052800,1725.19,1766.56,1655.47,1722.25,1275.51,1792.55,1005.25,1356.3,1714.76,1420.562,1839.381814746152,1001.7421852538478,1669.3481746786476,1661.892744513437,NaN,NaN,66.81885996134886,63.07000232562354,NaN,NaN
1659139200,1722.46,1745.05,1674.05,1698.01,1275.51,1792.55,1005.25,1356.3,1705.7033333333331,1447.0785,1865.6512600919573,1028.5057399080429,1693.8875843539172,1692.0396726483916,NaN,NaN,64.9506992827665,63.47983003815415,NaN,NaN
1659225600,1698.02,1754.25,1667.7,1679.31,1275.51,1792.55,1356.3,1356.3,1700.42,1476.266,1873.593015965439,1078.9389840345611,1711.5497228019528,1697.668102639473,NaN,NaN,63.47628230697962,63.88394477033671,NaN,NaN
1659312000,1679.31,1705,1606.9,1630.82,1275.51,1792.55,1356.3,1356.3,1647.5733333333335,1505.9399999999998,1853.2046737000512,1158.6753262999484,1719.9130766918654,1691.324057727529,NaN,NaN,59.692292067249106,63.23274824043323,NaN,NaN
1659398400,1630.81,1679.28,1560,1631.28,1792.55,1792.55,1356.3,1560,1623.5199999999998,1531.7909999999997,1832.4220619946022,1231.1599380053972,1715.6400111719938,1682.2370882472178,NaN,NaN,59.7168251738906,62.79347887088107,NaN,NaN
1659484800,1631.1,1685.87,1590,1618.82,1792.55,1792.55,1356.3,1560,1631.5633333333333,1553.0969999999998,1812.0980057972795,1294.09599420272,1712.637660172861,1670.411205858134,NaN,NaN,58.6750763919462,62.39186075960963,NaN,NaN
1659571200,1618.78,1663.35,1580.5,1608.16,1792.55,1792.55,1356.3,1560,1617.3366666666668,1571.9499999999996,1785.327017881509,1358.5729821184902,1700.8097561915038,1657.7247833367805,NaN,NaN,57.74692462267245,61.76384671787431,NaN,NaN
1659657600,1608.16,1742.52,1605.55,1736.79,1792.55,1792.55,1356.3,1560,1694.953333333333,1591.0044999999996,1791.401826576498,1390.607173423501,1702.5467312881012,1683.6751892268373,NaN,NaN,64.95144671714792,61.878016583739864,NaN,NaN
1659744000,1737.12,1750,1685.99,1690.81,1792.55,1792.55,1356.3,1560,1708.933333333333,1608.6349999999998,1776.3429452500802,1440.9270547499193,1706.6595191825056,1682.1815890526636,NaN,NaN,60.95073566775714,61.66209003772064,NaN,NaN
1659830400,1691.18,1730.26,1668.87,1700.42,1792.55,1792.55,1560,1560,1699.8500000000001,1614.5889999999995,1786.4029932485387,1442.7750067514603,1713.3941807924975,1704.9995486644075,NaN,NaN,61.48471030532785,61.3237270877301,NaN,NaN
1659916800,1700.52,1818.25,1693.41,1777.36,1792.55,1792.55,1560,1560,1763.0066666666664,1626.3254999999997,1808.6228579046156,1444.0281420953838,1725.8702623530128,1719.6145620428426,NaN,NaN,65.54681093825593,62.119515632406,NaN,NaN
1660003200,1777.36,1791.33,1668.8,1703.35,1792.55,1792.55,1560,1560,1721.1599999999999,1635.3869999999997,1814.0450002239047,1456.7289997760947,1730.0429361741985,1718.327320769408,NaN,1745.342031288557,59.09085323983224,62.41914261205243,NaN,NaN
1660089600,1703.35,1886.36,1656,1854.12,1792.55,1792.55,1560,1560,1798.8266666666666,1649.3089999999997,1849.3070814808088,1449.3109185191906,1745.342031288557,1764.9287079420933,NaN,NaN,66.35987438463123,62.6069575293263,NaN,NaN
1660176000,1854.42,1946.21,1850.95,1881.04,1792.55,1792.55,1560,1560,1892.7333333333333,1666.569,1883.3001945152394,1449.8378054847606,1775.9712145132162,1793.755205704316,NaN,NaN,67.47126689036992,62.6380469964411,NaN,NaN
1660262400,1880.96,1966.89,1850.51,1959.91,1792.55,1792.55,1560,1560,1925.77,1687.1069999999995,1931.519595919293,1442.6944040807061,1810.066191489682,1865.3019964840857,NaN,NaN,70.54195204003709,62.90398214491883,NaN,NaN
1660348800,1959.94,2020.73,1947.19,1984.75,1792.55,1792.55,1560,1560,1984.2233333333334,1706.4584999999995,1979.1485415691945,1433.7684584308045,1862.559579110783,1913.1648429328404,NaN,NaN,71.45587442917548,63.36863751251947,NaN,NaN
1660435200,1984.72,2031.39,1906.51,1935.85,1792.55,2031.39,1560,1560,1957.9166666666667,1731.2134999999994,1992.5801186241238,1469.846881375875,1904.4511070190842,1953.2719045039537,NaN,NaN,67.04605761779024,63.623621463291656,NaN,NaN
1660521600,1936,2013.47,1866.51,1899.39,1792.55,2031.39,1560,1560,1926.4566666666667,1753.7014999999997,1990.5315704957152,1516.8714295042842,1944.8468802401178,1961.1887702601646,NaN,NaN,63.88054734131616,63.92278255429644,NaN,NaN
1660608000,1899.05,1915.51,1852.85,1876.57,1792.55,2031.39,1560,1560,1881.6433333333332,1765.7099999999996,2001.8859328975075,1529.5340671024917,1960.2695165760736,1960.3680577251428,1975.8330022952066,NaN,61.910316270979564,64.0794604898028,NaN,NaN
1660694400,1877.06,1957.59,1815,1834.61,1792.55,2031.39,1560,1560,1869.0666666666666,1771.1809999999998,2008.4159296288506,1533.946070371149,1975.8330022952066,1933.3859358564098,NaN,NaN,58.34686685876879,64.0560169517187,NaN,NaN
1660780800,1834.52,1883.35,1821.02,1845.9,1792.55,2031.39,1560,1560,1850.0900000000001,1777.3634999999995,2015.618103000672,1539.108896999327,1966.6912953176059,1921.6263046312229,NaN,NaN,59.030172268120026,64.1476774978221,NaN,NaN
1660867200,1846.15,1848.29,1602.28,1608.72,2031.39,2031.39,1560,1560,1686.4299999999998,1772.8989999999994,2020.111983550641,1525.6860164493578,1940.667926604351,1829.691203809924,NaN,NaN,43.05194035441581,62.58342704334124,NaN,NaN
1660953600,1608.64,1658.14,1523.54,1575.76,2031.39,2031.39,1560,1523.54,1585.8133333333335,1767.7214999999997,2026.6191826682823,1508.823817331717,1882.076887008019,1769.7556724497701,NaN,NaN,41.375857442775484,61.18522145584255,NaN,NaN
1661040000,1575.76,1646.69,1562.27,1617.84,2031.39,2031.39,1560,1523.54,1608.9333333333334,1767.0724999999995,2027.4007811279034,1506.7442188720956,1829.0101098831517,1687.1574270885326,NaN,NaN,44.35441952829181,59.961629257482834,NaN,NaN
1661126400,1617.88,1629.61,1528.93,1624.78,2031.39,2031.39,1560,1523.54,1594.4399999999998,1766.7474999999995,2027.768384135753,1505.726615864246,1755.6059918567346,1645.867591167824,NaN,NaN,44.852073828881366,58.48343374967036,NaN,NaN
1661212800,1624.89,1674.12,1563.29,1665.93,2031.39,2031.39,1560,1523.54,1634.4466666666667,1769.1029999999996,2025.5518897305078,1512.6541102694914,1704.897441763437,1617.6499501397288,NaN,NaN,47.83129141460573,57.67917933358275,NaN,NaN
1661299200,1665.95,1694.89,1604.6,1656.74,2031.39,2031.39,1560,1523.54,1652.0766666666666,1771.5319999999997,2022.7032399619193,1520.3607600380801,1653.6788716656374,1607.7126193543133,NaN,NaN,47.21779909159909,56.31188824122331,NaN,NaN
1661385600,1656.54,1722.18,1653.57,1695.27,2031.39,1722.18,1523.54,1523.54,1690.3400000000001,1769.4559999999994,2022.421471746662,1516.4905282533368,1630.5944499717411,1608.1794531599764,NaN,NaN,50.107170311460784,55.071595628444086,NaN,NaN
1661472000,1695.16,1706.41,1485.94,1508.02,2031.39,1722.18,1523.54,1523.54,1566.7900000000002,1760.3164999999995,2036.1608869485299,1484.472113051469,1589.0113775932568,1564.8649516622363,NaN,NaN,38.94846728251584,52.814918145764,NaN,NaN
1661558400,1508.04,1519.11,1446.62,1491.22,2031.39,1722.18,1523.54,1523.54,1485.6499999999996,1749.8564999999994,2048.88416850412,1450.8288314958786,1553.3751271844876,1540.0858113623754,NaN,NaN,38.128057813469916,50.43435981607074,NaN,NaN
1661644800,1490.87,1511.12,1423.85,1426.63,2031.39,1722.18,1523.54,1523.54,1453.8666666666668,1732.3199999999993,2062.367294732156,1402.2727052678424,1508.5411554894424,1479.0398261956962,NaN,1479.747250427919,35.06953978116597,48.15032282774043,NaN,NaN
1661731200,1426.29,1560.37,1420.74,1551.65,2031.39,1722.18,1523.54,1420.74,1510.92,1724.7349999999994,2063.942260329155,1385.527739670844,1479.747250427919,1487.5603523109182,NaN,NaN,44.3712821288674,46.75680388399409,NaN,NaN
1661817600,1551.51,1606.34,1474.14,1524.81,1722.18,1722.18,1523.54,1420.74,1535.0966666666666,1708.2694999999997,2052.686427834578,1363.8525721654214,1459.0513308058191,1467.4043385133045,NaN,NaN,42.94877546107359,45.402408111857945,NaN,NaN
1661904000,1524.61,1619.99,1524.12,1554,1722.18,1722.18,1523.54,1420.74,1566.0366666666666,1691.9174999999996,2033.008917592131,1350.8260824078682,1460.6532318652737,1502.2431064221753,NaN,NaN,45.01342007562391,44.45001905591903,NaN,NaN
1661990400,1554.25,1599.51,1512.83,1586.23,1722.18,1722.18,1523.54,1420.74,1566.1899999999998,1673.2334999999996,1993.884340090914,1352.5826599090851,1462.940252848111,1508.4207323369521,NaN,NaN,47.28198033013827,43.61086248892034,NaN,NaN
1662076800,1586.1,1650,1546.2,1575.69,1722.18,1722.18,1523.54,1420.74,1590.6299999999999,1652.7804999999996,1941.9830265086912,1363.577973491308,1483.2337446999127,1534.471343757237,NaN,NaN,46.6048231868219,43.864639834092195,NaN,NaN
1662163200,1575.81,1582.69,1534.54,1557.7,1722.18,1722.18,1420.74,1420.74,1558.3100000000002,1633.8729999999994,1894.6229166711532,1373.1230833288455,1489.1099375374897,1532.6368455028928,NaN,NaN,45.40941842412338,44.152751332759905,NaN,NaN
1662249600,1557.55,1583.52,1540.59,1579.04,1722.18,1722.18,1420.74,1420.74,1567.7166666666665,1617.8554999999994,1849.0821289574228,1386.628871042576,1505.9637305999086,1552.5577226599326,NaN,NaN,47.141417148040205,44.35182259131335,NaN,NaN
1662336000,1578.97,1631.44,1557.04,1618.01,1722.18,1722.18,1420.74,1420.74,1602.163333333333,1604.9274999999993,1803.44850008567,1406.4064999143286,1516.5901389860428,1562.0971105455053,NaN,NaN,50.245833591313335,44.73709114577279,NaN,NaN
1662422400,1617.87,1686.82,1554.03,1559.28,1722.18,1722.18,1420.74,1420.74,1600.0433333333333,1591.1609999999996,1760.0350657294955,1422.2869342705037,1540.2059735041264,1571.0246574873797,NaN,NaN,45.873248830332734,44.59723096118186,NaN,NaN
1662508800,1558.92,1657.68,1489.98,1629.92,1722.18,1722.18,1420.74,1489.98,1592.5266666666666,1580.3619999999996,1704.3540838763856,1456.3699161236136,1549.0012941048042,1595.9067913458546,NaN,NaN,51.356502611167734,44.89285264115104,NaN,NaN
1662595200,1629.61,1664.52,1594.31,1635.73,1722.18,1722.18,1420.74,1489.98,1631.5199999999998,1581.7124999999994,1707.4862226729472,1455.9387773270516,1578.9884315155593,1610.5560401322784,NaN,NaN,51.78909788419548,45.0129903249178,NaN,NaN
1662681600,1635.72,1746.87,1630.51,1719.21,1722.18,1722.18,1420.74,1489.98,1698.8633333333335,1588.8849999999995,1728.1232000027633,1449.6467999972358,1602.0284380658227,1653.63955166413,NaN,NaN,57.62086362995978,46.3467329211638,NaN,NaN
1662768000,1719.38,1789.86,1706.94,1774.69,1722.18,1722.18,1420.74,1489.98,1757.1633333333332,1596.7274999999995,1757.594769247076,1435.860230752923,1644.0444950820838,1692.4637580465026,NaN,NaN,60.99751187482822,47.98026535411797,NaN,NaN
1662854400,1774.73,1789.98,1719.01,1766.95,1722.18,1789.98,1420.74,1489.98,1758.6466666666668,1603.8359999999993,1780.7933580725394,1426.8786419274593,1673.0693817575336,1731.482621597237,NaN,NaN,60.27596084165025,49.78072400129542,NaN,NaN
1662940800,1766.97,1783.56,1692.45,1716.71,1722.18,1789.98,1489.98,1489.98,1730.9066666666668,1606.3749999999993,1788.2131024428395,1424.5368975571591,1708.382430367081,1743.9026268110501,1714.888215603109,NaN,55.672455387906545,50.58795066265536,NaN,NaN
1663027200,1716.65,1761.04,1561.06,1574.71,1722.18,1789.98,1489.98,1489.98,1632.2699999999998,1602.2734999999993,1783.0800653979766,1421.466934602022,1714.888215603109,1714.7514978818724,NaN,NaN,45.17142906200547,50.746711634150486,NaN,NaN
1663113600,1574.4,1649.44,1552.88,1639.14,1722.18,1789.98,1489.98,1489.98,1613.82,1599.4669999999994,1776.106934001379,1422.82706599862,1716.9791566782706,1704.0795100086457,NaN,NaN,49.79836711562656,51.08849356557925,NaN,NaN
1663200000,1639.12,1655.55,1457.69,1472.68,1722.18,1789.98,1489.98,1489.98,1528.64,1597.6999999999996,1778.618918413771,1416.781081586228,1694.7588841045085,1628.184140654744,NaN,NaN,40.32918186874703,50.5918651040513,NaN,NaN
1663286400,1472.85,1483.21,1404.31,1433.73,1789.98,1789.98,1489.98,1489.98,1440.4166666666665,1594.8254999999995,1784.0561479907856,1405.5948520092134,1656.567270717953,1585.1805066551121,NaN,NaN,38.48513165834287,50.01188713773138,NaN,NaN
1663372800,1433.64,1476.22,1408.79,1468.97,1789.98,1789.98,1489.98,1489.98,1451.3266666666668,1596.9424999999997,1779.4261636935173,1414.458836306482,1612.0216182966258,1525.3347952855504,NaN,NaN,41.10884580695305,49.70470337936207,NaN,NaN
1663459200,1468.9,1470.15,1325.48,1334.72,1789.98,1789.98,1489.98,1489.98,1376.7833333333335,1586.0959999999998,1800.9716548704578,1371.2203451295418,1557.6265285289478,1456.608678615394,NaN,NaN,34.98671429077653,48.836510318128944,NaN,NaN
1663545600,1334.71,1392.94,1279,1376.17,1789.98,1789.98,1489.98,1489.98,1349.3700000000001,1578.6639999999998,1811.0713985397397,1346.2566014602598,1496.984042662166,1413.3310217144042,NaN,NaN,38.054143558435435,47.96567531578052,NaN,NaN
1663632000,1376.23,1385,1312.4,1322.8,1789.98,1789.98,1489.98,1489.98,1340.0666666666666,1567.1039999999998,1824.8835166726985,1309.324483327301,1440.803923535201,1352.970920057419,NaN,NaN,35.71740719023592,47.24025805577361,NaN,NaN
1663718400,1322.74,1412,1220,1245.65,1789.98,1789.98,1489.98,1220,1292.55,1550.0749999999996,1843.1342191008694,1257.0157808991298,1382.1353629705336,1296.8612413375492,NaN,NaN,32.60094825263937,45.90057560159301,NaN,NaN
1663804800,1245.36,1348.87,1237,1326.43,1789.98,1789.98,1489.98,1220,1304.1000000000001,1537.6119999999996,1846.0509598997037,1229.1730401002956,1329.767028442209,1273.1335102292248,NaN,NaN,38.638110026497095,44.96121932604313,NaN,NaN
1663891200,1326.14,1359.99,1261.9,1326.82,1789.98,1789.98,1489.98,1220,1316.2366666666667,1526.0679999999998,1847.638340896062,1204.4976591039376,1287.7410443513568,1250.7203734044824,NaN,NaN,38.66667415537886,43.607348649287346,NaN,NaN
1663977600,1327.24,1349.31,1306.29,1317.25,1789.98,1789.98,1489.98,1220,1324.2833333333333,1512.9784999999997,1845.9678826700922,1179.9891173299072,1259.3036558908566,1253.145504879931,NaN,1236.3378934821824,38.19680032800509,41.97872639594283,NaN,NaN
1664064000,1317.49,1337.26,1269.41,1294.63,1789.98,1789.98,1489.98,1220,1300.4333333333334,1496.8094999999996,1839.103340170998,1154.5156598290012,1236.3378934821824,1248.8611902130872,NaN,NaN,37.05074207442856,40.319782198284145,NaN,NaN
1664150400,1294.65,1341,1278.24,1336.61,1789.98,1789.98,1220,1220,1318.6166666666666,1485.6759999999995,1833.557469779596,1137.794530220403,1227.3797945569283,1264.9932831741437,NaN,NaN,40.612073470211584,39.2440406327345,NaN,NaN
1664236800,1336.45,1400.51,1303.66,1327.92,1789.98,1400.51,1220,1220,1344.03,1470.5759999999996,1818.319586304638,1122.832413695361,1229.8167654066604,1270.651727574119,NaN,NaN,40.10625358974191,38.882242384715674,NaN,NaN
1664323200,1327.87,1355.34,1253.65,1336.93,1789.98,1400.51,1220,1253.65,1315.3066666666666,1455.6359999999995,1799.3653547778695,1111.9066452221296,1230.4407420346884,1292.502008501049,NaN,NaN,40.927765433151556,38.24862797882461,NaN,NaN
1664409600,1336.92,1351.85,1288.12,1336.02,1789.98,1400.51,1220,1253.65,1325.33,1436.4764999999995,1761.5132215731321,1111.439778426867,1241.0899634747177,1301.2141852866537,NaN,NaN,40.86679711206202,38.287029067632815,NaN,NaN
1664496000,1336.04,1373.46,1315,1328.95,1789.98,1400.51,1220,1253.65,1339.1366666666665,1414.1894999999995,1702.4545589631173,1125.9244410368817,1253.4549572185078,1316.0510269182282,NaN,NaN,40.363713670008515,38.421213497037506,NaN,NaN
1664582400,1328.74,1333.99,1302.65,1311.76,1789.98,1400.51,1220,1253.65,1316.1333333333334,1391.4299999999996,1632.749562572139,1150.1104374278602,1265.2619753554197,1314.8446074739215,NaN,NaN,39.103269428362786,38.27795804142391,NaN,NaN
1664668800,1311.79,1318,1269.69,1277.02,1400.51,1400.51,1220,1253.65,1288.2366666666667,1369.4454999999996,1563.7606364639605,1175.1303635360387,1271.976583630944,1311.305975899962,NaN,NaN,36.614824148114536,38.39425160266234,NaN,NaN
1664755200,1276.84,1330.24,1262.45,1323.31,1400.51,1400.51,1253.65,1253.65,1305.3333333333333,1356.8754999999996,1527.5369969435326,1186.2140030564667,1280.3763444758529,1313.9551200713984,NaN,NaN,41.918700597315656,38.67029139115378,NaN,NaN
1664841600,1323.44,1370.43,1318.82,1362.06,1400.51,1400.51,1253.65,1253.65,1350.4366666666667,1343.0214999999994,1454.5039627060669,1231.5390372939319,1292.6698770886255,1324.1099647814963,NaN,NaN,45.99275594625918,39.404244873726874,NaN,NaN
1664928000,1362.1,1364.93,1316.54,1352.48,1400.51,1400.51,1253.65,1253.65,1344.65,1337.0114999999994,1431.5603572697146,1242.4626427302842,1302.2198927108554,1333.0122710771925,NaN,NaN,45.14957124694107,40.300575087605566,NaN,NaN
1665014400,1352.37,1384.41,1345,1352.24,1400.51,1384.41,1253.65,1253.65,1360.55,1332.9369999999994,1416.8927502736365,1248.9812497263624,1318.3625219643034,1344.306549234154,NaN,NaN,45.12725081596005,40.76408514399578,NaN,NaN
1665100800,1352.18,1362.14,1317.54,1331.14,1400.51,1384.41,1253.65,1253.65,1336.9400000000003,1326.0454999999995,1382.2437859080978,1269.8472140919012,1325.4516937928265,1341.8869415468073,NaN,NaN,43.109454299605964,41.08142658286915,NaN,NaN
1665187200,1331.12,1337.61,1303.76,1315.71,1400.51,1384.41,1253.65,1253.65,1319.0266666666666,1325.0949999999996,1381.3173146091267,1268.8726853908724,1332.3927041964193,1337.986346644284,NaN,NaN,41.64306483954852,41.327588333693676,NaN,NaN
1665273600,1315.71,1329.33,1307.21,1323.41,1400.51,1384.41,1253.65,1253.65,1319.9833333333333,1322.4569999999994,1373.5642324041223,1271.3497675958765,1331.5609555858966,1332.6686295343736,1331.9456557461629,NaN,42.69070314043862,41.73044269555154,NaN,NaN
1665360000,1323.27,1338.41,1287.66,1290.06,1400.51,1384.41,1253.65,1253.65,1305.3766666666668,1320.8199999999993,1373.8399935874284,1267.8000064125702,1331.9456557461629,1319.783170134891,NaN,NaN,39.39218582125241,41.643307863483024,NaN,NaN
1665446400,1289.94,1297.95,1267,1279.94,1384.41,1384.41,1253.65,1253.65,1281.6299999999999,1322.5344999999993,1367.2948706308232,1277.7741293691754,1321.756119627883,1309.162803395837,NaN,NaN,38.422043876475996,41.523007169678316,NaN,NaN
1665532800,1279.87,1306.72,1274.73,1294.33,1384.41,1384.41,1253.65,1253.65,1291.9266666666665,1320.9294999999995,1367.289509264526,1274.569490735473,1317.723214736968,1301.0522271514692,NaN,NaN,40.6599311810456,41.50387615167075,NaN,NaN
1665619200,1294.21,1301.85,1190,1286.96,1384.41,1384.41,1253.65,1190,1259.6033333333332,1318.9364999999993,1367.4875870219,1270.3854129780987,1299.5664510681254,1292.8571533084241,NaN,NaN,39.86092219787299,41.4320279435144,NaN,NaN
1665705600,1286.89,1344.4,1283.26,1296.36,1384.41,1344.4,1253.65,1190,1308.0066666666664,1317.8919999999994,1367.43203375059,1268.3519662494086,1302.0655717483287,1291.7304700679183,NaN,NaN,41.441514661165385,41.509013728597026,NaN,NaN
1665792000,1296.42,1302.14,1263.6,1275.09,1384.41,1344.4,1253.65,1190,1280.2766666666666,1316.9149999999995,1368.9589712167324,1264.8710287832666,1286.3479979546976,1281.8978396982745,NaN,NaN,38.94713272460107,41.497861106899755,NaN,NaN
1665878400,1275.16,1315.62,1274.61,1306.04,1384.41,1344.4,1253.65,1190,1298.7566666666664,1315.3864999999996,1366.8190209474076,1263.9539790525916,1289.9356726027743,1286.5557767309308,NaN,1283.4335099314742,44.20932591458579,42.04032551879056,NaN,NaN
1665964800,1305.89,1338.69,1295.36,1331.49,1384.41,1344.4,1253.65,1190,1321.8466666666666,1315.5649999999996,1367.194677318455,1263.9353226815442,1283.4335099314742,1291.2134848140543,NaN,NaN,48.16563592428882,42.486535185002936,NaN,NaN
1666051200,1331.57,1342.28,1286.67,1310.78,1384.41,1344.4,1190,1190,1313.243333333333,1314.2574999999995,1364.9730987345852,1263.5419012654138,1290.6414439639607,1297.3903052614492,NaN,NaN,45.34751762552987,42.440446733522265,NaN,NaN
1666137600,1310.79,1313.8,1280.02,1284.76,1344.4,1344.4,1190,1190,1292.86,1311.6944999999996,1362.9301838444392,1260.45881615556,1285.1695989400052,1295.8676265711247,NaN,NaN,42.020926520003364,42.21697211016958,NaN,NaN
1666224000,1284.92,1311.1,1270.34,1282.6,1344.4,1344.4,1190,1190,1288.013333333333,1309.3769999999995,1361.4669184488557,1257.2870815511433,1290.778232567045,1294.063411156934,NaN,NaN,41.747145190369444,41.97553599405596,NaN,NaN
1666310400,1282.59,1307.18,1254,1299.83,1344.4,1344.4,1190,1254,1287.0033333333333,1308.7804999999994,1361.0206154191733,1256.5403845808255,1284.4520743154437,1293.0391896716333,NaN,NaN,44.834738527368664,42.09877058175329,NaN,NaN
1666396800,1299.94,1320.56,1294.17,1313.88,1344.4,1344.4,1190,1254,1309.5366666666666,1310.6234999999995,1360.8121259127356,1260.4348740872633,1292.1403538511033,1299.0437452200285,NaN,NaN,47.28823895074814,42.50199730398184,NaN,NaN
1666483200,1313.82,1370.66,1299.47,1364.06,1344.4,1344.4,1190,1254,1344.73,1312.6609999999996,1367.8080307088853,1257.5139692911139,1295.3462089341203,1318.15690647946,NaN,NaN,54.98815949504633,43.38038704359667,NaN,NaN
1666569600,1363.93,1370.9,1324.04,1343.71,1344.4,1344.4,1190,1254,1346.2166666666667,1311.7434999999994,1364.1131821740364,1259.3738178259623,1309.4838409089211,1327.050131261785,NaN,NaN,51.69048514581112,44.25883699535086,NaN,NaN
1666656000,1343.74,1525.38,1335.12,1460.34,1344.4,1344.4,1190,1254,1440.28,1317.1364999999994,1399.0543691801,1235.2186308198989,1332.5306121612753,1373.6616907732644,NaN,NaN,64.7412516385744,46.138780406929314,NaN,NaN
1666742400,1460.34,1595.44,1457.41,1566.37,1344.4,1344.4,1254,1254,1539.7399999999998,1327.8429999999994,1463.5965895805682,1192.0894104194306,1373.9108788354404,1426.1300221138051,NaN,NaN,72.11619311786406,48.385656259559205,NaN,NaN
1666828800,1566.46,1580,1502.8,1514.09,1344.4,1344.4,1254,1254,1532.2966666666669,1336.9904999999994,1495.1984170554026,1178.7825829445962,1414.4707391200975,1469.5078131102282,NaN,NaN,64.90717830989271,50.1746745532749,NaN,NaN
1666915200,1514.2,1577.89,1479.41,1554.83,1344.4,1344.4,1254,1254,1537.3766666666668,1348.9464999999993,1532.9524751502945,1164.9405248497042,1457.6158146149428,1518.8716334128383,NaN,NaN,67.62328044618212,52.0448006807761,NaN,NaN
1667001600,1554.81,1664.29,1547.79,1620.09,1344.4,1664.29,1254,1254,1610.7233333333336,1363.7804999999994,1581.8432102899772,1145.7177897100216,1507.6298510004287,1562.4938679664454,NaN,NaN,71.43695043400446,54.36550194573348,NaN,NaN
1667088000,1620.18,1640.41,1576.24,1590.89,1344.4,1664.29,1254,1254,1602.5133333333333,1378.8219999999994,1615.2012742691495,1142.4427257308494,1550.0511608431937,1591.3615807394406,NaN,NaN,67.60007325311122,56.036269612771015,NaN,NaN
1667174400,1590.88,1635.7,1546.31,1572.67,1344.4,1664.29,1254,1254,1584.8933333333334,1393.4584999999993,1639.5847525839342,1147.3322474160643,1588.1789963090084,1614.7899047952294,NaN,NaN,65.24527208810449,57.256243624472134,NaN,NaN
1667260800,1572.58,1612.74,1563.05,1578.24,1344.4,1664.29,1254,1254,1584.6766666666665,1407.6539999999993,1661.8893869468427,1153.418613053156,1617.340324951723,1624.6222679232872,1636.1428899831358,NaN,65.6393301374546,58.70565880389533,NaN,NaN
1667347200,1578.35,1622.24,1502,1518.04,1344.4,1664.29,1254,1254,1547.4266666666665,1419.2079999999992,1671.4484761017,1166.9675238982984,1636.1428899831358,1611.0933521263128,NaN,NaN,57.98685628692852,59.846082358675694,NaN,NaN
1667433600,1518.15,1558.95,1515,1530.81,1664.29,1664.29,1254,1254,1534.92,1430.9304999999993,1681.0270110092736,1180.833988990725,1641.3991348851976,1603.6591732869406,NaN,NaN,59.07675677759163,61.083911757763,NaN,NaN
1667520000,1530.81,1677,1528.01,1644.61,1664.29,1677,1254,1254,1616.54,1449.4064999999994,1705.2528366378515,1193.5601633621473,1652.9940613959536,1616.3446216858372,NaN,NaN,67.23426666748284,62.68387805348544,NaN,NaN
1667606400,1644.84,1667.03,1621.05,1627,1664.29,1677,1254,1254,1638.3600000000001,1465.4544999999994,1723.571323045322,1207.3376769546767,1660.424636819216,1619.7550991483422,NaN,NaN,65.0726059010625,63.95418997850789,NaN,NaN
1667692800,1627.17,1638.72,1564.17,1568.34,1664.29,1677,1254,1254,1590.41,1477.2969999999991,1731.4447973227605,1223.1492026772378,1661.4680356125823,1618.013668095851,NaN,NaN,58.343508758569406,64.19385778304526,NaN,NaN
1667779200,1568.27,1608.66,1545.97,1568.34,1664.29,1677,1254,1254,1574.3233333333335,1490.1749999999993,1735.205436191123,1245.1445638088755,1655.9444628808994,1607.4025073671996,NaN,NaN,58.343508758569406,64.66907375538514,NaN,NaN
1667865600,1568.45,1580,1227.4,1334.25,1664.29,1677,1254,1254,1380.55,1492.649499999999,1730.2181821511072,1255.080817848891,1616.1527253380586,1526.8120599224526,NaN,NaN,39.45873086375276,62.863179414326446,NaN,NaN
1667952000,1333.97,1337.49,1071.11,1099.9,1677,1677,1254,1071.11,1169.5,1483.514499999999,1763.0343763934566,1203.9946236065416,1545.003352168882,1410.4460055040115,NaN,NaN,29.25104139864399,59.80138286295358,NaN,NaN
1668038400,1099.9,1347.62,1083.95,1295.36,1677,1677,1254,1071.11,1242.3099999999997,1483.290999999999,1763.4045226225517,1203.1774773774464,1469.5890419212867,1350.0648393832046,NaN,NaN,42.59068737510789,58.20734779618324,NaN,NaN
1668124800,1295.55,1307.36,1197.9,1285.29,1677,1677,1254,1071.11,1263.5166666666667,1481.861499999999,1765.68587085461,1198.0371291453882,1395.133212500211,1276.4565429102104,NaN,NaN,42.14975140423422,56.38781000747268,NaN,NaN
1668211200,1285.57,1289.16,1235.53,1255.14,1677,1677,1254,1071.11,1259.9433333333334,1476.415499999999,1772.9668899124665,1179.8641100875313,1332.0082794136092,1257.7184715475157,NaN,NaN,40.78818814645761,54.198612701219325,NaN,NaN
1668297600,1254.98,1272,1198.99,1219.43,1677,1677,1254,1071.11,1230.14,1470.201499999999,1782.4104543415053,1157.9925456584926,1275.5106559697883,1217.5596343340753,NaN,NaN,39.17409356653761,52.168185580749785,NaN,NaN
1668384000,1219.4,1289.17,1169.4,1241.56,1677,1677,1071.11,1071.11,1233.3766666666668,1459.2624999999991,1787.0302860239026,1131.4947139760957,1232.823455370443,1205.1404067800459,NaN,NaN,40.739180498650185,50.41775046721733,NaN,NaN
1668470400,1241.58,1289.78,1232.56,1251.74,1677,1677,1071.11,1071.11,1258.0266666666666,1443.5309999999993,1779.3293256003685,1107.73267439963,1200.1818004068373,1182.0106028590242,NaN,1169.7954378005675,41.4850583302843,48.69244533813374,NaN,NaN
1668556800,1251.95,1266.99,1185.2,1215.21,1677,1677,1071.11,1071.11,1222.4666666666667,1428.586999999999,1776.8650559323464,1080.3089440676517,1169.7954378005675,1175.6123867163508,NaN,NaN,39.56084937457331,47.376301987251225,NaN,NaN
1668643200,1215.2,1227.34,1181.02,1199.44,1677,1677,1071.11,1071.11,1202.6,1410.8174999999992,1767.6771281943556,1053.9578718056428,1146.743272776479,1161.3096832483482,NaN,NaN,38.7257708742513,45.922660137012635,NaN,NaN
1668729600,1199.39,1232.37,1198.01,1210.93,1677,1677,1071.11,1071.11,1213.7700000000002,1390.3594999999991,1743.780894172755,1036.9381058272431,1133.1220871148023,1164.8620735256682,NaN,NaN,39.72411057395744,43.95764898747511,NaN,NaN
1668816000,1210.73,1231.62,1196.27,1216.12,1677,1677,1071.11,1071.11,1214.6699999999998,1371.6209999999992,1720.2347414331416,1023.0072585668568,1127.3715708147101,1165.4558480106296,NaN,NaN,40.19807707389474,42.1808969283917,NaN,NaN
1668902400,1216.31,1225.26,1130.2,1140.07,1677,1677,1071.11,1071.11,1165.1766666666665,1349.990999999999,1699.7039482247023,1000.2780517752958,1123.9573965945576,1160.9629876738268,NaN,NaN,35.76069782544377,40.567839004597,NaN,NaN
1668988800,1140.04,1145,1080,1105.91,1677,1677,1071.11,1071.11,1110.3033333333333,1326.374499999999,1675.0344712886683,977.7145287113296,1116.0186874477733,1146.253585559485,NaN,NaN,33.947946998354396,38.825298878867365,NaN,NaN
1669075200,1105.68,1141.26,1073.42,1138.17,1677,1677,1071.11,1073.42,1117.6166666666668,1307.380999999999,1653.5858777761746,961.1761222238232,1108.561908180548,1137.0819289384651,NaN,NaN,37.18625390516253,38.66297909611092,NaN,NaN
1669161600,1138.25,1189.51,1126.22,1183.53,1677,1677,1071.11,1073.42,1166.4200000000003,1290.0169999999991,1624.2855953600983,955.7484046399001,1106.5681040640625,1137.6574436257495,NaN,NaN,41.52714928527774,39.53984394515618,NaN,NaN
1669248000,1183.55,1216.1,1179.1,1202.81,1677,1677,1071.11,1073.42,1199.3366666666666,1267.9269999999992,1561.4527986685546,974.4012013314439,1111.451470701753,1149.887702965641,NaN,NaN,43.320116067706664,39.591945994627515,NaN,NaN
1669334400,1202.78,1206.84,1170.17,1198.66,1677,1677,1071.11,1073.42,1191.89,1246.509999999999,1490.4270812387153,1002.5929187612827,1117.690015665649,1161.6843178178822,NaN,NaN,43.014372507387016,39.65370464485272,NaN,NaN
1669420800,1198.65,1234.97,1195.54,1204.8,1677,1677,1071.11,1073.42,1211.7700000000002,1228.3329999999992,1422.7731302303912,1033.8928697696072,1133.2403337550957,1174.897811032974,NaN,NaN,43.64806923649118,39.8579818655694,NaN,NaN
1669507200,1204.89,1222.81,1188.31,1193.3,1677,1677,1073.42,1073.42,1201.4733333333334,1209.5809999999992,1325.8777086207176,1093.2842913792808,1143.984286333695,1178.8720923833512,NaN,NaN,42.69051867648893,40.10915508770878,NaN,NaN
1669593600,1193.46,1198.87,1150.09,1167.24,1677,1677,1073.42,1073.42,1172.0666666666666,1201.2304999999992,1303.6808839866517,1098.7801160133467,1153.719686701312,1178.4240540389885,NaN,NaN,40.521119993820584,40.093579337363806,NaN,NaN
1669680000,1167.22,1227.08,1157.37,1215.91,1677,1677,1073.42,1073.42,1200.12,1207.030999999999,1298.4149235096324,1115.6470764903656,1162.908156483371,1189.8824885239753,NaN,NaN,46.036548717700946,40.41868579360785,NaN,NaN
1669766400,1216.04,1311.76,1212,1294.77,1677,1311.76,1073.42,1073.42,1272.8433333333335,1207.0014999999992,1298.271659258172,1115.7313407418264,1183.5480563977635,1217.5910725073002,NaN,NaN,53.55212748487,41.418062801486194,NaN,NaN
1669852800,1294.68,1302,1262.85,1276.48,1677,1311.76,1073.42,1073.42,1280.4433333333334,1206.5609999999992,1296.3891712828022,1116.7328287171963,1203.308582950273,1239.15493045367,NaN,NaN,51.75188701995374,42.348499669036364,NaN,NaN
1669939200,1276.48,1297.57,1265.56,1295.63,1677,1311.76,1073.42,1073.42,1286.2533333333333,1208.5854999999992,1304.3319331398939,1112.8390668601046,1228.3933611831935,1271.5025725676123,NaN,NaN,53.5139295344466,43.33348673764273,NaN,NaN
1670025600,1295.63,1308.89,1236.42,1240.91,1677,1311.76,1073.42,1073.42,1262.0733333333335,1209.659499999999,1306.345691253011,1112.9733087469872,1247.6488680907873,1270.3746683304023,NaN,NaN,48.1074968015275,43.898445289616504,NaN,NaN
1670112000,1240.91,1287.44,1240.27,1279.68,1677,1311.76,1073.42,1073.42,1269.13,1211.5654999999992,1312.1176453725,1111.0133546274985,1264.917115773191,1287.7645406599652,NaN,NaN,51.8214155069842,45.045639409726526,NaN,NaN
1670198400,1279.67,1305.75,1246.73,1259.23,1311.76,1311.76,1073.42,1073.42,1270.57,1211.9399999999991,1313.1415600670907,1110.7384399329076,1276.647964081023,1277.1267689034332,NaN,NaN,49.796939567101994,46.177710307494216,NaN,NaN
1670284800,1259.32,1274.57,1241.83,1271.19,1311.76,1311.76,1073.42,1073.42,1262.53,1214.7389999999991,1319.1918222501117,1110.2861777498865,1283.025088534358,1288.2799351652982,1284.734814134892,NaN,51.00252935391612,47.16458712526232,NaN,NaN
1670371200,1271.36,1277.49,1215,1231.56,1311.76,1311.76,1073.42,1215,1241.35,1216.344999999999,1320.7952391572958,1111.894760842702,1284.734814134892,1269.8886867358037,NaN,NaN,46.97692124727272,47.55385655111911,NaN,NaN
1670457600,1231.49,1292.58,1221.72,1280.33,1311.76,1311.76,1073.42,1215,1264.8766666666668,1219.814999999999,1327.8642501594297,1111.765749840568,1286.1122853597342,1283.860522044478,NaN,NaN,51.99816166651594,48.17371695103406,NaN,NaN
1670544000,1280.15,1296.55,1255.61,1262.95,1311.76,1311.76,1073.42,1215,1271.7033333333331,1222.1564999999987,1331.8018601891881,1112.5111398108093,1288.4056807270076,1268.9727894374041,NaN,NaN,50.17463549421656,48.685164307236164,NaN,NaN
1670630400,1262.75,1283.4,1259.59,1266.45,1311.76,1311.76,1073.42,1215,1269.8133333333333,1228.4754999999989,1332.9127064879945,1124.0382935120033,1288.7353632430747,1280.001887505763,NaN,NaN,50.550721287174,49.17821088228494,NaN,NaN
1670716800,1266.45,1284.68,1255.7,1262.92,1311.76,1311.76,1073.42,1215,1267.7666666666667,1236.3259999999989,1325.1709945467737,1147.481005453224,1288.832494740392,1267.051427212384,NaN,NaN,50.13965756426707,49.71029223141195,NaN,NaN
1670803200,1263.08,1279.22,1240,1275.72,1311.76,1311.76,1215,1215,1264.9800000000002,1243.203499999999,1321.2271528945946,1165.1798471054033,1284.5978071113238,1275.0973080238657,NaN,NaN,51.674206477938036,50.50694126599177,NaN,NaN
1670889600,1275.74,1351.05,1255.67,1320.47,1311.76,1311.76,1215,1215,1309.0633333333335,1250.050499999999,1329.9379324222311,1170.1630675777667,1288.9438955375283,1279.6445054949095,NaN,NaN,56.692502970709086,51.26808085549235,NaN,NaN
1670976000,1320.47,1351.87,1300.85,1307.47,1311.76,1351.87,1215,1215,1320.0633333333333,1255.2834999999989,1335.8162978591208,1174.750702140877,1292.9343636226286,1292.174089997646,NaN,NaN,54.90867375342839,51.36497701753223,NaN,NaN
1671062400,1307.42,1311.5,1259.37,1266.48,1311.76,1351.87,1215,1215,1279.1166666666666,1258.6744999999987,1334.985470240318,1182.3635297596795,1294.7119247610963,1287.5297394337067,NaN,NaN,49.60835799039986,51.21186780113553,NaN,NaN
1671148800,1266.48,1279.99,1155.55,1166.98,1311.76,1351.87,1215,1215,1200.84,1256.7834999999989,1339.9107793432952,1173.6562206567025,1284.6310172349238,1260.9309757908054,NaN,NaN,39.612448362831984,50.21890486030592,NaN,NaN
1671235200,1166.98,1190,1161.83,1187.06,1311.76,1351.87,1215,1215,1179.6299999999999,1256.4714999999987,1340.5904487037192,1172.3525512962783,1268.7654501446082,1238.9704235419808,NaN,NaN,42.145979940228635,49.79308222735599,NaN,NaN
1671321600,1187.17,1196.6,1172.43,1183.32,1311.76,1351.87,1215,1215,1184.1166666666666,1257.2754999999988,1338.2149102957055,1176.3360897042921,1249.6141395480797,1211.3919551320962,NaN,NaN,41.79426712646693,49.07685734303333,NaN,NaN
1671408000,1183.37,1195.34,1150.34,1167.6,1351.87,1351.87,1215,1150.34,1171.0933333333332,1254.8599999999988,1343.1434509974463,1166.5765490025512,1227.933716634938,1193.7396442507861,NaN,NaN,40.27297921002874,48.396574460385246,NaN,NaN
1671494400,1167.59,1231.28,1163.02,1216.69,1351.87,1351.87,1215,1150.34,1203.6633333333334,1250.9559999999988,1338.7388628834738,1163.1731371165238,1213.2592145895965,1191.8956957427456,NaN,NaN,46.7868460423844,48.09545422384726,NaN,NaN
1671580800,1216.76,1222.99,1203.06,1213.7,1351.87,1351.87,1215,1150.34,1213.25,1247.8169999999989,1336.2122754620846,1159.4217245379132,1201.7459920298043,1187.886054129496,NaN,NaN,46.454524205933375,48.058140149465885,NaN,NaN
1671667200,1213.7,1238.76,1182.43,1217.5,1351.87,1238.76,1215,1150.34,1212.8966666666668,1243.9104999999988,1330.3933841969163,1157.4276158030814,1194.9515758986063,1193.1752587076,NaN,1191.4028033406748,46.97005354887851,47.69898956963464,NaN,NaN
1671753600,1217.48,1231.7,1210.6,1219.92,1351.87,1238.76,1215,1150.34,1220.74,1242.860999999999,1329.9712271608605,1155.7507728391374,1191.4028033406748,1194.8851274785654,NaN,NaN,47.31791795271713,47.4949383166704,NaN,NaN
1671840000,1219.99,1227.47,1213.7,1220.51,1351.87,1238.76,1150.34,1150.34,1220.5600000000002,1239.9024999999988,1325.8208709983965,1153.984129001601,1190.3416101168693,1199.2150933281982,NaN,NaN,47.40849657635889,47.270493694469316,NaN,NaN
1671926400,1220.49,1224.1,1193.17,1218.37,1351.87,1238.76,1150.34,1150.34,1211.8799999999999,1237.8594999999991,1323.7855748493398,1151.9334251506584,1187.949840544965,1201.0496364803148,NaN,NaN,47.092226244883435,47.052820028799054,NaN,NaN
1672012800,1218.41,1230.92,1209,1227.58,1351.87,1238.76,1150.34,1150.34,1222.5,1235.678999999999,1320.314815090404,1151.043184909594,1190.429940374817,1209.1353903300271,NaN,NaN,48.67904576281782,46.838879977719046,NaN,NaN
1672099200,1227.66,1233.75,1199.58,1210.99,1238.76,1238.76,1150.34,1150.34,1214.7733333333333,1234.650499999999,1319.9588000593437,1149.3421999406544,1192.2242068326275,1209.8967979126446,NaN,NaN,46.00258010427506,46.07531405868804,NaN,NaN
1672185600,1211.06,1215.38,1180.04,1189.24,1238.76,1238.76,1150.34,1180.04,1194.8866666666665,1230.095999999999,1314.8876949707644,1145.3043050292338,1194.433610937147,1209.9813106923352,NaN,NaN,42.68874733176052,45.202462171426056,NaN,NaN
1672272000,1189.33,1206.07,1186.13,1199.74,1238.76,1238.76,1150.34,1180.04,1197.3133333333333,1226.9354999999991,1311.3043140192444,1142.5666859807538,1195.9654042112788,1208.1803813205495,NaN,NaN,44.75762798191116,44.855981456534,NaN,NaN
1672358400,1199.73,1201.64,1180.44,1199.1,1238.76,1238.76,1150.34,1180.04,1193.7266666666667,1223.5679999999993,1306.727006872451,1140.4089931275475,1196.2019825389164,1205.614572227697,NaN,NaN,44.651822034549305,45.215936718799526,NaN,NaN
1672444800,1199.19,1208,1191.01,1195.25,1238.76,1238.76,1150.34,1180.04,1198.0866666666668,1220.1844999999992,1302.1618991964501,1138.2071008035482,1196.9842451647862,1202.397168327088,NaN,NaN,43.97830750595069,45.34681725920825,NaN,NaN
1672531200,1195.25,1204.17,1190.03,1199.92,1238.76,1238.76,1150.34,1180.04,1198.04,1216.394499999999,1294.6768685066756,1138.1121314933223,1195.8534616950988,1200.8782254832674,NaN,NaN,45.0608148013079,45.58014209312546,NaN,NaN
1672617600,1199.97,1224.59,1192.41,1213.69,1238.76,1238.76,1180.04,1180.04,1210.23,1211.055499999999,1273.0976667820746,1149.0133332179234,1197.7778354416341,1202.1237116907132,NaN,NaN,48.236930891885045,46.14899578468662,NaN,NaN
1672704000,1213.77,1219.79,1204.04,1214.21,1238.76,1238.76,1180.04,1180.04,1212.68,1206.392499999999,1250.0398961997148,1162.7451038002832,1198.5690045010208,1203.7580130865558,NaN,NaN,48.358344787650324,46.261245695062755,NaN,NaN
1672790400,1214.21,1272.01,1212.17,1256.34,1238.76,1238.76,1180.04,1180.04,1246.8400000000001,1205.885499999999,1246.8844758288537,1164.8865241711442,1206.8916472755443,1218.7117123894297,NaN,NaN,57.13156119933326,47.02389119459132,NaN,NaN
1672876800,1256.35,1259.77,1239.97,1250.88,1238.76,1238.76,1180.04,1180.04,1250.2066666666667,1210.080499999999,1251.4652476616195,1168.6957523383783,1213.7454011739821,1226.294383014998,NaN,NaN,55.80830663505595,47.65519498646113,NaN,NaN
1672963200,1250.87,1276.6,1234.2,1268.84,1238.76,1238.76,1180.04,1180.04,1259.88,1214.169499999999,1261.3962375436276,1166.9427624563705,1225.6992421694254,1244.9449224841971,NaN,NaN,59.15919511376632,48.50100049796465,NaN,NaN
1673049600,1268.94,1270.83,1260.75,1263.94,1238.76,1238.76,1180.04,1180.04,1265.1733333333334,1218.200499999999,1267.9041326541196,1168.4968673458784,1235.959732253161,1251.8738303968112,NaN,NaN,57.869916967938906,49.24824481164894,NaN,NaN
1673136000,1263.84,1295.38,1257.34,1289.92,1238.76,1238.76,1180.04,1180.04,1280.88,1224.316499999999,1277.5845438069086,1171.0484561930894,1249.8848616657388,1271.1996115448967,NaN,NaN,62.532311450053086,50.35110804058962,NaN,NaN
1673222400,1289.73,1345.87,1285,1320.02,1238.76,1238.76,1180.04,1180.04,1316.9633333333334,1229.482999999999,1296.9434542233043,1162.0225457766937,1267.139504207633,1287.4187808077884,NaN,NaN,67.07814041517753,51.66532908718675,NaN,NaN
1673308800,1320,1348.19,1316.63,1335.56,1238.76,1238.76,1180.04,1180.04,1333.46,1235.5759999999989,1316.8352127454873,1154.3167872545105,1286.7682710987353,1311.0329847614544,NaN,NaN,69.158600864816,53.31933057008253,NaN,NaN
1673395200,1335.69,1397.98,1319.81,1389.24,1238.76,1238.76,1180.04,1180.04,1369.01,1244.162999999999,1348.8782806614909,1139.4477193385073,1310.1979901980762,1341.3908964776615,NaN,NaN,75.02888602892203,55.62934047702264,NaN,NaN
1673481600,1389.21,1438.55,1361.39,1416.05,1238.76,1238.76,1180.04,1180.04,1405.33,1253.9694999999988,1381.92302194847,1126.0159780515276,1338.381200089455,1373.1969078393,NaN,NaN,77.3478962325606,57.95721678064045,NaN,NaN
1673568000,1416.05,1466,1400.75,1451.78,1238.76,1238.76,1180.04,1180.04,1439.51,1265.532999999999,1418.6314546101282,1112.4345453898698,1369.8033287860367,1409.4945703666276,NaN,NaN,80.01202074421502,60.482945259902294,NaN,NaN
1673654400,1451.7,1597.99,1449.38,1550.06,1238.76,1238.76,1180.04,1180.04,1532.4766666666667,1282.117499999999,1477.2718165677106,1086.9631834322872,1414.704977219615,1464.279831584881,NaN,NaN,85.17638545198574,63.42566511319051,NaN,NaN
1673740800,1550.06,1567.37,1516.06,1552.89,1238.76,1238.76,1180.04,1180.04,1545.4399999999998,1298.3829999999987,1524.4264092912513,1072.339590708746,1456.0000182393624,1504.0395860749838,NaN,NaN,85.29421176643595,66.29947918212822,NaN,NaN
1673827200,1552.83,1603.91,1521.01,1576.85,1238.76,1238.76,1180.04,1180.04,1567.2566666666667,1316.675999999999,1569.1405603169082,1064.2114396830898,1503.0484364726717,1552.896829800248,NaN,NaN,86.28795774492151,69.01740967163083,NaN,NaN
1673913600,1577.01,1608.65,1540.49,1565.68,1238.76,1238.76,1180.04,1180.04,1571.6066666666668,1335.497999999999,1602.8440212234523,1068.1519787765455,1541.956976650415,1575.947180979415,NaN,NaN,83.45657439639645,71.52442607225555,NaN,NaN
1674000000,1565.52,1612.66,1500.32,1510.83,1238.76,1238.76,1180.04,1180.04,1541.2699999999998,1351.0524999999989,1621.1790264926988,1080.925973507299,1575.6934564847008,1583.7900294858475,1595.4407652413188,NaN,71.11627670383197,72.52333432257689,NaN,NaN
1674086400,1510.9,1564.61,1508.87,1550.98,1238.76,1238.76,1180.04,1180.04,1541.4866666666665,1368.646499999999,1642.702030086534,1094.5909699134638,1595.4407652413188,1592.2893351936802,NaN,NaN,74.13156497866454,73.8321384899775,NaN,NaN
1674172800,1550.96,1668,1541.94,1658.25,1238.76,1238.76,1180.04,1180.04,1622.7300000000002,1391.796499999999,1681.1466542612525,1102.4463457387455,1623.6854354542945,1621.1883956868348,NaN,NaN,80.1068289324688,75.32839804845625,NaN,NaN
1674259200,1658.36,1680,1617.29,1626.8,1238.76,1680,1180.04,1180.04,1641.3633333333335,1413.140499999999,1705.6866624752736,1120.5943375247246,1645.3003517581985,1632.7000440658967,NaN,NaN,74.6616567839097,76.5278080353113,NaN,NaN
1674345600,1626.83,1664.42,1603.39,1627.88,1238.76,1680,1180.04,1180.04,1631.8966666666668,1433.849999999999,1725.6277129940004,1142.0722870059976,1666.6052146772581,1656.3121556116048,NaN,NaN,74.72519246946167,77.39872810812619,NaN,NaN
1674432000,1628.01,1648.56,1584.43,1626.55,1238.76,1680,1180.04,1180.04,1619.8466666666666,1454.4669999999992,1739.4447239083897,1169.4892760916086,1677.3044401027735,1655.4804985642245,NaN,NaN,74.4775202574289,77.92725523971559,NaN,NaN
1674518400,1626.71,1641.72,1528.95,1556.09,1238.76,1680,1180.04,1180.04,1575.5866666666668,1469.4544999999991,1742.4533785673075,1196.4556214326908,1680.407052207731,1639.8132756621583,NaN,NaN,62.63364996067679,77.46118731799136,NaN,NaN
1674604800,1556.1,1640.92,1513.77,1612.54,1238.76,1680,1180.04,1513.77,1589.0766666666666,1487.537499999999,1747.8452751336135,1227.2297248663845,1673.4171191236467,1637.0437650058577,NaN,NaN,67.14198103255144,76.89783696110774,NaN,NaN
1674691200,1612.64,1633.55,1577.61,1601.1,1680,1680,1180.04,1513.77,1604.0866666666668,1504.150499999999,1748.4244030248817,1259.8765969751164,1668.0963850650198,1622.215774968899,NaN,NaN,65.41936606555092,76.04579909203564,NaN,NaN
1674777600,1601.14,1622.32,1550,1598.18,1680,1680,1180.04,1513.77,1590.1666666666667,1520.8624999999988,1741.725961068173,1299.9990389318245,1654.6354764297607,1620.4974146076415,NaN,NaN,64.96123488846689,74.9707429594822,NaN,NaN
1674864000,1598.14,1606.99,1556.21,1572.3,1680,1680,1180.04,1513.77,1578.5,1534.981499999999,1729.5208518314819,1340.442148168516,1645.1140471234842,1605.5756960955457,NaN,NaN,60.89114710724513,73.23608307771501,NaN,NaN
1674950400,1572.4,1661,1566.61,1644.89,1680,1680,1180.04,1513.77,1624.1666666666667,1551.224999999999,1724.3273992323918,1378.1226007676062,1637.756239244515,1619.5545441091435,NaN,NaN,67.1148221242152,71.9375552461278,NaN,NaN
1675036800,1644.79,1647.73,1534.71,1566.23,1680,1680,1513.77,1513.77,1582.89,1562.758499999999,1704.797599162906,1420.719400837092,1628.6233540456276,1596.4153400524244,NaN,NaN,56.60309993259296,69.81720825953292,NaN,NaN
1675123200,1566.23,1605.01,1561.43,1585.39,1680,1680,1513.77,1513.77,1583.9433333333334,1572.5659999999991,1690.341466273801,1454.7905337261973,1619.562087029567,1604.9418345670501,NaN,NaN,58.315693307873346,68.02143103892412,NaN,NaN
1675209600,1585.32,1647.75,1556.83,1642.05,1680,1680,1513.77,1513.77,1615.5433333333333,1583.865999999999,1680.9559276753841,1486.776072324614,1613.1534051018787,1600.903621859647,NaN,NaN,62.9696193447342,67.4395269418457,NaN,NaN
1675296000,1642.06,1714.83,1625.86,1643.19,1680,1714.83,1513.77,1513.77,1661.293333333333,1593.436499999999,1672.6488809199907,1514.224119080007,1619.307029130274,1615.4333775515222,NaN,1620.9100607273206,63.05898459741399,66.64862834318497,NaN,NaN
1675382400,1643.14,1676.53,1625,1663.69,1680,1714.83,1513.77,1513.77,1655.073333333333,1599.117999999999,1681.3146557957916,1516.9213442042064,1620.9100607273206,1627.8706766446585,NaN,NaN,64.70834741446303,65.54873680618459,NaN,NaN
1675468800,1663.63,1695,1645.33,1666.83,1680,1714.83,1513.77,1513.77,1669.0533333333333,1604.814999999999,1689.1716498861394,1520.4583501138584,1635.4357064681737,1646.6685672212939,NaN,NaN,64.96636720296925,64.85621612183171,NaN,NaN
1675555200,1666.83,1673.81,1608.91,1629.37,1680,1714.83,1513.77,1513.77,1637.3633333333332,1607.440999999999,1691.4210109312494,1523.4609890687484,1638.3222251828315,1644.9604140580336,1647.4431986641969,NaN,59.38805367218149,63.76070620774026,NaN,NaN
1675641600,1629.44,1658.41,1605,1614.5,1680,1714.83,1513.77,1513.77,1625.97,1609.881999999999,1691.674285602084,1528.089714397914,1647.4431986641969,1646.257617700277,NaN,1648.6907089077852,57.28531397204552,62.532691473070024,NaN,NaN
1675728000,1614.57,1678.57,1613.26,1671.28,1714.83,1714.83,1513.77,1513.77,1654.37,1617.904499999999,1690.1832596671031,1545.6257403328948,1648.6907089077852,1652.1072480675296,1658.858353972855,NaN,62.71407196768617,62.53843590214212,NaN,NaN
1675814400,1671.27,1699.66,1630.33,1650.65,1714.83,1699.66,1513.77,1513.77,1660.2133333333331,1622.887999999999,1689.5479866787778,1556.2280133212203,1658.858353972855,1652.995402382636,NaN,NaN,59.74309357097512,62.009943940600955,NaN,NaN
1675900800,1650.65,1656.02,1524.31,1545.54,1714.83,1699.66,1513.77,1513.77,1575.29,1617.2524999999991,1689.7988079350982,1544.7061920649,1647.5721825914932,1629.749685881347,NaN,NaN,47.417617241250746,60.72410473886522,NaN,NaN
1675987200,1545.64,1554.89,1491.44,1513.04,1714.83,1699.66,1513.77,1513.77,1519.79,1611.564499999999,1696.9306027517061,1526.198397248292,1634.4927373838927,1602.3343503552057,NaN,NaN,44.36954675737792,59.25326987235887,NaN,NaN
1676073600,1513.04,1543.61,1505.05,1538.86,1714.83,1699.66,1513.77,1513.77,1529.1733333333334,1607.113499999999,1697.7340034802503,1516.4929965197477,1610.9351327037784,1573.42082752724,NaN,NaN,47.2695869208934,58.28030128761946,NaN,NaN
1676160000,1538.85,1548.2,1493.77,1515.25,1714.83,1699.66,1513.77,1513.77,1519.0733333333335,1601.548499999999,1700.039229365826,1503.057770634172,1589.3796671169723,1545.6943036743885,NaN,NaN,44.96147736084998,56.69791951880766,NaN,NaN
1676246400,1515.24,1526.64,1462,1506.29,1699.66,1699.66,1513.77,1462,1498.3100000000004,1599.0584999999992,1704.3066101541035,1493.8103898458949,1558.9759720024306,1526.2459756273665,NaN,NaN,44.081785655179,55.803539927563804,NaN,NaN
1676332800,1506.29,1569.16,1490.23,1556.67,1699.66,1699.66,1513.77,1462,1538.6866666666667,1596.264999999999,1702.8903109726557,1489.6396890273422,1543.0658763265087,1522.899033901924,NaN,1537.8272620903635,50.00492543289531,55.20991365077966,NaN,NaN
1676419200,1556.52,1682.45,1540.85,1674.88,1699.66,1699.66,1513.77,1462,1632.7266666666667,1599.9539999999993,1711.9625276039703,1487.9454723960282,1537.8272620903635,1551.5896341500213,NaN,NaN,60.561055025877955,55.03787334228993,NaN,NaN
1676505600,1674.8,1742.5,1633.63,1637.83,1699.66,1742.5,1513.77,1462,1671.32,1601.9364999999991,1715.1463842460805,1488.7266157539177,1553.3681405514074,1568.2125582102974,NaN,NaN,56.5321097845376,54.57166799851306,NaN,NaN
1676592000,1637.88,1722.07,1630.2,1694.37,1699.66,1742.5,1513.77,1462,1682.2133333333331,1608.039999999999,1727.2062410249362,1488.873758975062,1568.2839105985354,1615.8987692430237,NaN,NaN,60.81618355827622,54.29365629449971,NaN,NaN
1676678400,1694.32,1713.75,1680.14,1691.82,1699.66,1742.5,1462,1462,1695.2366666666665,1610.3864999999992,1734.1233252825743,1486.649674717424,1597.8285114399,1634.884228257417,NaN,NaN,60.52644744945584,53.97651916924875,NaN,NaN
1676764800,1691.81,1727,1666.67,1680.23,1699.66,1742.5,1462,1462,1691.3,1616.086499999999,1741.6512463702004,1490.5217536297976,1619.5401883140278,1663.9929218859843,NaN,NaN,59.147189449163385,53.95931458189032,NaN,NaN
1676851200,1680.42,1720.02,1650.72,1703.63,1699.66,1742.5,1462,1462,1691.4566666666667,1621.9984999999992,1752.271353699502,1491.7256463004965,1645.1810872332535,1682.39262689529,NaN,NaN,61.07576864536241,54.2300613442701,NaN,NaN
1676937600,1703.62,1716.82,1636.42,1659.76,1742.5,1742.5,1462,1462,1671,1622.883999999999,1753.928471901759,1491.8395280982393,1661.9475319492149,1691.8166156074615,NaN,NaN,55.761020251414806,53.733414793107855,NaN,NaN
1677024000,1659.76,1667.14,1594.84,1642.95,1742.5,1742.5,1462,1462,1634.9766666666667,1622.8719999999992,1753.9090756084336,1491.8349243915648,1673.4806930025723,1691.2729938090024,NaN,NaN,53.82812730465947,53.31091720265674,NaN,NaN
1677110400,1642.99,1679.03,1629.3,1650.62,1742.5,1742.5,1462,1462,1652.9833333333333,1622.2184999999993,1752.5633326977697,1491.8736673022288,1682.7274176526969,1690.0577347414098,1681.272012967598,NaN,54.601398614877425,53.824044443630065,NaN,NaN
1677196800,1650.62,1664.65,1575.44,1607.57,1742.5,1742.5,1462,1462,1615.8866666666665,1619.2554999999993,1748.0946883667773,1490.4163116332213,1681.272012967598,1670.067746966616,NaN,NaN,49.582112952240614,54.196370600405984,NaN,NaN
1677283200,1607.64,1609.05,1557.89,1594.51,1742.5,1742.5,1462,1557.89,1587.15,1617.5124999999994,1746.6999281616038,1488.325071838395,1672.9710877074915,1655.0316046584526,NaN,NaN,48.136450460486714,54.25828942466264,NaN,NaN
1677369600,1594.5,1651.6,1587.64,1641.41,1742.5,1742.5,1462,1557.89,1626.8833333333332,1618.8579999999993,1748.4518007159675,1489.264199284031,1665.4487641864896,1644.2535633301773,NaN,NaN,53.39198439570447,54.86046849858082,NaN,NaN
1677456000,1641.34,1665.29,1608.23,1633.26,1742.5,1742.5,1462,1557.89,1635.5933333333332,1616.9569999999992,1744.5186254365344,1489.395374563464,1656.45803575371,1633.7660986184433,NaN,NaN,52.39831620166134,55.454506394758134,NaN,NaN
1677542400,1633.22,1647.6,1597.32,1605.4,1742.5,1742.5,1462,1557.89,1616.7733333333333,1614.6944999999992,1741.387680001968,1488.0013199980303,1645.7289534645568,1622.7524692306413,NaN,NaN,49.038534965574605,55.38547850423522,NaN,NaN
1677628800,1605.59,1669.9,1595,1665.2,1742.5,1742.5,1462,1557.89,1643.3666666666668,1620.6774999999993,1745.022459025327,1496.3325409746717,1639.1915337199785,1630.0418214365836,NaN,NaN,55.61687477983552,55.032322772375046,NaN,NaN
1677715200,1665.2,1678.14,1619,1647.87,1742.5,1678.14,1557.89,1557.89,1648.3366666666668,1627.4189999999994,1741.9205182257726,1512.9174817742262,1635.1728810210554,1625.061938497418,NaN,NaN,53.46305084251784,54.813104276516505,NaN,NaN
1677801600,1647.82,1649.28,1547.54,1569.54,1742.5,1678.14,1557.89,1557.89,1588.7866666666666,1628.9529999999993,1739.4185669609633,1518.4874330390353,1624.1736888805456,1613.2065088239062,NaN,NaN,44.9835285859567,53.68220034992225,NaN,NaN
1677888000,1569.55,1577.6,1550,1566.72,1742.5,1678.14,1557.89,1557.89,1564.7733333333333,1631.5264999999993,1733.3354617421128,1529.7175382578857,1611.5517392026784,1598.7744975931869,NaN,NaN,44.70860347057344,52.55235435143065,NaN,NaN
1677974400,1566.72,1588.35,1553.5,1564.81,1742.5,1678.14,1557.89,1557.89,1568.8866666666665,1634.4524999999992,1724.364684241126,1544.5403157588723,1598.6851820561455,1581.6175152977266,NaN,NaN,44.51018175204966,51.50685380163681,NaN,NaN
1678060800,1564.8,1583.19,1554.8,1565.85,1742.5,1678.14,1557.89,1557.89,1567.9466666666667,1634.9114999999993,1723.3116996095437,1546.5113003904548,1586.3143821352005,1571.3263285478915,NaN,NaN,44.654216506854176,50.333885791743356,NaN,NaN
1678147200,1565.82,1584.23,1535.7,1561.67,1678.14,1678.14,1557.89,1557.89,1560.5333333333335,1629.2509999999993,1721.119370596223,1537.3826294037756,1573.8456014662524,1564.0346983278018,NaN,NaN,44.15809059818264,49.50510510222678,NaN,NaN
1678233600,1561.61,1570.77,1522.73,1532.17,1678.14,1678.14,1557.89,1557.89,1541.89,1623.9679999999994,1724.9550359204882,1522.9809640795106,1562.6986289152915,1551.2247538590527,NaN,NaN,40.71963275798392,48.56878406317852,NaN,NaN
1678320000,1532.11,1546.09,1407,1437.41,1678.14,1678.14,1557.89,1557.89,1463.5,1611.1199999999994,1735.6494590047105,1486.5905409952884,1540.0507847884267,1514.8272770328506,NaN,NaN,32.078742767823414,46.960022931246094,NaN,NaN
1678406400,1437.39,1438.7,1369.79,1432.15,1678.14,1678.14,1557.89,1369.79,1413.5466666666664,1598.1364999999994,1739.3344293438993,1456.9385706560995,1508.669945221459,1485.468628181975,NaN,NaN,31.676912319911423,45.681080028936854,NaN,NaN
1678492800,1432.15,1499,1416.98,1483.68,1678.14,1678.14,1557.89,1369.79,1466.5533333333333,1588.3089999999995,1732.6098168930725,1444.0081831069265,1486.022533423855,1464.9178423730632,NaN,1474.719473317903,39.652194628328544,45.07506175521127,NaN,NaN
1678579200,1483.62,1612,1459.79,1592.31,1678.14,1678.14,1557.89,1369.79,1554.7,1582.7429999999995,1717.0643286265718,1448.4216713734272,1474.719473317903,1485.6935589547538,NaN,NaN,52.294386697801265,44.99666191964676,NaN,NaN
1678665600,1592.04,1702.6,1571,1681.93,1678.14,1678.14,1557.89,1369.79,1651.8433333333332,1583.8514999999993,1721.0323761125628,1446.6706238874358,1487.6888925670385,1528.6445743760441,NaN,NaN,59.780224147793874,45.523941058656234,NaN,NaN
1678752000,1681.93,1787.74,1650.45,1704.95,1678.14,1678.14,1557.89,1369.79,1714.38,1586.9514999999994,1731.9156182189836,1441.9873817810153,1519.1282560246814,1583.7846025405431,NaN,NaN,61.45340170267339,46.41071725416329,NaN,NaN
1678838400,1704.9,1722.79,1613.7,1656.8,1678.14,1678.14,1369.79,1369.79,1664.43,1587.2604999999996,1732.7913924558832,1441.729607544116,1549.728219192218,1616.4185007822605,NaN,NaN,56.188109699889154,46.45151974845283,NaN,NaN
1678924800,1656.7,1696,1637.72,1677.24,1678.14,1678.14,1369.79,1369.79,1670.32,1590.7439999999995,1741.3011934382669,1440.186806561732,1584.9421677748148,1651.5340221093734,NaN,NaN,57.839506733513474,46.76412374066681,NaN,NaN
1679011200,1677.36,1803.73,1666.16,1793.66,1678.14,1678.14,1369.79,1369.79,1754.5166666666667,1600.7014999999997,1775.3525959914246,1426.0504040085748,1624.3938320641082,1698.5599688360467,NaN,NaN,65.75662980845644,48.247916685131074,NaN,NaN
1679097600,1793.61,1846,1752.52,1763.68,1678.14,1678.14,1369.79,1369.79,1787.3999999999999,1606.8149999999994,1794.7896464287403,1418.8403535712584,1671.173276121616,1730.5822966768558,NaN,NaN,62.50169549590217,49.51885182979741,NaN,NaN
1679184000,1763.88,1846.77,1762.62,1786.4,1678.14,1678.14,1369.79,1369.79,1798.5966666666668,1614.4719999999995,1817.9670513993065,1410.9769486006926,1715.09251837052,1775.7618289741038,NaN,NaN,63.957744607629486,50.90796346233883,NaN,NaN
1679270400,1786.37,1809.1,1728.52,1739.42,1678.14,1678.14,1369.79,1369.79,1759.0133333333333,1621.1729999999993,1831.7354910662157,1410.610508933783,1754.2424365062268,1784.1733390415957,NaN,NaN,58.86760031529165,51.9232051629415,NaN,NaN
1679356800,1739.28,1839.99,1724.37,1807.23,1678.14,1678.14,1369.79,1369.79,1790.53,1628.2744999999993,1853.3758183857706,1403.173181614228,1789.8814988259392,1817.5448932703064,1813.3936047860125,NaN,63.39587161303103,53.29733237828782,NaN,NaN
1679443200,1806.79,1823.8,1715.17,1739.18,1678.14,1678.14,1369.79,1369.79,1759.3833333333334,1632.8399999999995,1862.993074365756,1402.686925634243,1813.3936047860125,1802.2645004858186,NaN,NaN,56.65514359173552,54.435583152127215,NaN,NaN
1679529600,1738.99,1861.67,1733.77,1817.49,1678.14,1861.67,1369.79,1369.79,1804.3100000000002,1645.2374999999997,1886.8433610940642,1403.6316389059352,1835.1173320752998,1832.4662778714567,NaN,NaN,61.701740757922515,56.551511579991434,NaN,NaN
1679616000,1817.27,1822.55,1728.27,1751.93,1678.14,1861.67,1369.79,1369.79,1767.5833333333333,1654.4979999999996,1897.5494822501719,1411.4465177498273,1841.0963749148784,1802.381506688827,NaN,NaN,55.84016761730379,58.277458386948034,NaN,NaN
1679702400,1751.79,1764.93,1715.23,1743.8,1678.14,1861.67,1369.79,1369.79,1741.32,1663.4474999999995,1905.8105144948038,1421.0844855051953,1840.2893727602489,1807.9417284755054,NaN,NaN,55.14060819913766,59.383773642005835,NaN,NaN
1679788800,1743.69,1801.02,1741.01,1775.86,1678.14,1861.67,1369.79,1369.79,1772.63,1673.9479999999992,1916.6845823768858,1431.2114176231125,1836.2245447446094,1786.7250995909571,NaN,NaN,57.40669673104156,59.74893864438014,NaN,NaN
1679875200,1775.85,1782.19,1688,1716.42,1678.14,1861.67,1369.79,1688,1728.8700000000001,1681.6854999999991,1919.4271183570133,1443.943881642985,1823.2460471559973,1774.946329988443,NaN,NaN,52.14708710018061,59.20371456955063,NaN,NaN
1679961600,1716.13,1795.54,1701.81,1773.7,1861.67,1861.67,1369.79,1688,1757.0166666666667,1693.7619999999993,1924.3266685509586,1463.19733144904,1813.0810706783539,1769.1494532513261,NaN,NaN,56.301995479393575,58.83575698217349,NaN,NaN
1680048000,1773.82,1827.7,1772.99,1793.41,1861.67,1861.67,1369.79,1688,1798.0333333333335,1711.5619999999994,1913.3920809691383,1509.7319190308606,1807.5006732892346,1772.3772381769688,NaN,NaN,57.66415996187462,58.941189143743884,NaN,NaN
1680134400,1793.4,1829.82,1762.94,1793.68,1861.67,NaN,1369.79,NaN,1795.4800000000002,1729.6384999999996,1888.2663733735305,1571.0106266264686,1802.495273009545,1775.0222185289183,NaN,NaN,57.68361975777957,58.930054359762885,NaN,NaN
1680220800,1793.68,1847.12,1779.47,1822.01,1861.67,NaN,1369.79,NaN,1816.1999999999998,1746.5549999999996,1863.283370073464,1629.8266299265351,1803.5684289044184,1792.2144830484942,NaN,NaN,59.77298973331784,58.50265149725299,NaN,NaN
1680307200,1822.11,1843,1809.12,1821.73,1861.67,NaN,1688,NaN,1824.6166666666668,1758.0259999999994,1855.3457263457365,1660.7062736542623,1807.0275171297183,1799.0838445112297,NaN,NaN,59.74159333862288,58.30550134316161,NaN,NaN
1680393600,1821.69,1825.97,1773.25,1795.37,1861.67,NaN,1688,NaN,1798.1966666666665,1763.6979999999992,1855.6938554719295,1671.7021445280689,1807.3135429497797,1805.2829665565405,NaN,1807.4822347941245,56.72101005246327,57.78859173207831,NaN,NaN
1680480000,1795.41,1820,1763.58,1804.05,1861.67,NaN,1688,NaN,1795.8766666666668,1768.6529999999996,1858.0980703169673,1679.2079296830318,1807.4822347941245,1808.3511410943242,NaN,NaN,57.48332133422027,57.68971466200178,NaN,NaN